filename,chroma_stft,rmse,spectral_centroid,spectral_bandwidth,rolloff,zero_crossing_rate,mfcc1,mfcc2,mfcc3,mfcc4,mfcc5,mfcc6,mfcc7,mfcc8,mfcc9,mfcc10,mfcc11,mfcc12,mfcc13,mfcc14,mfcc15,mfcc16,mfcc17,mfcc18,mfcc19,mfcc20,label
h_close_(1).wav,0.39549919962882996,0.07569460570812225,3580.616875006492,3193.030333736136,7160.570227581522,0.19270125679347827,-240.38255310058594,86.76366424560547,24.48927879333496,-26.03816032409668,8.077824592590332,-7.50156307220459,-9.403940200805664,-14.083417892456055,-8.171610832214355,-7.092402935028076,-11.424482345581055,-1.700449824333191,-11.075108528137207,-3.8774590492248535,-4.660913467407227,0.6784302592277527,-9.82118034362793,2.8188347816467285,-13.062835693359375,0.5872727036476135,1
h_close_(10).wav,0.4270581901073456,0.07052155584096909,3058.408483673914,3059.486560022792,6945.552916445975,0.13754634533898305,-204.41773986816406,82.40091705322266,20.63802719116211,5.415771484375,8.011068344116211,-7.523033618927002,-6.279036045074463,-11.661441802978516,-18.49243927001953,2.0778069496154785,-10.962797164916992,-2.5626049041748047,-7.968920707702637,8.653480529785156,-2.324472427368164,1.0961503982543945,-10.326770782470703,-0.5615285634994507,-5.854279041290283,5.063144683837891,1
h_close_(11).wav,0.36522603034973145,0.09501022100448608,3074.1514446206115,2856.2680148259,5900.755158635497,0.188375924379771,-259.8462219238281,97.46151733398438,28.21709442138672,-27.191984176635742,1.0364547967910767,-12.736323356628418,-4.60410213470459,-15.348210334777832,-9.548971176147461,-0.37930113077163696,-13.344361305236816,1.1744794845581055,-13.167495727539062,0.22713065147399902,-7.759064674377441,-1.285574197769165,-6.065195083618164,1.945630669593811,-12.532204627990723,0.8255617618560791,1
h_close_(12).wav,0.35182884335517883,0.07197967171669006,2527.1667034281086,2799.9058473366017,5499.402484697165,0.1232079574742268,-280.0150146484375,104.87313842773438,16.398338317871094,-17.506975173950195,-9.837743759155273,-6.940754413604736,5.111569404602051,-18.67853546142578,-17.735271453857422,-5.4485764503479,-1.4028373956680298,-5.462687969207764,-6.660341739654541,-2.4425759315490723,-4.820009708404541,3.462559223175049,-7.205567836761475,-0.14484257996082306,-13.03162670135498,-1.973238229751587,1
h_close_(13).wav,0.4646318256855011,0.03633885830640793,2978.831846268167,2754.9258253846015,5780.780112906678,0.18425593964041095,-247.45989990234375,85.45492553710938,-6.429506301879883,4.945268630981445,9.165170669555664,-10.652462005615234,-6.85807991027832,-10.64245891571045,-12.637911796569824,-1.265826940536499,-3.257854700088501,-11.963098526000977,-8.56687068939209,1.9823002815246582,-8.931239128112793,6.083362102508545,-6.3608622550964355,2.6381583213806152,-8.220026016235352,2.477108955383301,1
h_close_(14).wav,0.3552287220954895,0.06071633845567703,2947.9601447175755,2862.710352757574,6155.4022427262935,0.15358970905172414,-299.8336486816406,88.13848114013672,14.18215274810791,-5.192131996154785,-5.039642810821533,-11.254789352416992,1.319743037223816,-14.548081398010254,-16.412019729614258,-3.4141929149627686,-5.997180938720703,-3.0835072994232178,0.1682053506374359,-3.5157933235168457,-7.807547569274902,3.962686777114868,-7.24882698059082,-0.8570922613143921,-10.108529090881348,-2.8587324619293213,1
h_close_(15).wav,0.3234058618545532,0.11192677915096283,2523.449773811919,2517.2918309022334,5172.176387392241,0.1303093570402299,-253.7878875732422,106.77552795410156,12.903159141540527,-11.704224586486816,-13.511709213256836,-18.666921615600586,-7.355325698852539,-13.979107856750488,-13.057426452636719,1.120112419128418,-9.823513984680176,-8.905380249023438,-0.7187012434005737,-2.263033866882324,-5.837768077850342,2.4701881408691406,-7.79965877532959,0.909166157245636,-12.977703094482422,-0.5782736539840698,1
h_close_(2).wav,0.38308095932006836,0.07758382707834244,3279.232527000893,3048.2900885090103,6722.380635824548,0.14782567771084337,-257.873291015625,92.30300903320312,27.749338150024414,-26.490386962890625,6.550492763519287,-5.047759056091309,-8.130189895629883,-12.231813430786133,-8.511198997497559,-7.731713771820068,-9.233994483947754,-3.489095687866211,-10.682361602783203,-0.921419620513916,-1.5425617694854736,0.22501973807811737,-8.81783676147461,2.6984846591949463,-10.833029747009277,0.3878013491630554,1
h_close_(3).wav,0.33965516090393066,0.1156887635588646,2891.8113482927556,2726.8361391937633,5585.381610576923,0.14777080829326922,-220.23057556152344,98.47101593017578,9.373663902282715,-26.149839401245117,7.032654762268066,-13.299687385559082,-11.434149742126465,-11.60406494140625,-12.702155113220215,-2.320892810821533,-13.755390167236328,-5.704185962677002,-14.358363151550293,0.8949417471885681,-1.2692492008209229,-7.0371623039245605,-5.144034385681152,2.051832437515259,-8.270845413208008,4.344753742218018,1
h_close_(4).wav,0.3209194242954254,0.09060756117105484,3578.858116627908,3163.1438113604963,7353.723449707031,0.210491943359375,-271.4516296386719,62.46839141845703,24.268604278564453,-3.3787474632263184,7.510945796966553,-12.78649616241455,-5.301768779754639,-10.937329292297363,-18.926523208618164,0.41905564069747925,-5.886894226074219,-5.877607345581055,-10.062403678894043,1.1551588773727417,-1.7699626684188843,-2.803555965423584,0.8208791613578796,-4.268660545349121,-13.399070739746094,2.8418736457824707,1
h_close_(5).wav,0.35753220319747925,0.08755690604448318,3517.835789792885,3158.4653225474835,7401.217392743644,0.18669723252118645,-244.48008728027344,76.02732849121094,20.40935516357422,-29.301937103271484,0.5985918641090393,0.7881801128387451,-12.629312515258789,-11.455331802368164,-17.039072036743164,0.5752328038215637,-11.893208503723145,-3.9623172283172607,-6.356931209564209,-2.2780580520629883,1.9894342422485352,1.2686187028884888,-3.3118648529052734,-1.7620502710342407,-12.937990188598633,0.7426217198371887,1
h_close_(6).wav,0.2876894772052765,0.05462600663304329,3149.7451766988074,3043.8013921653223,6856.494873046875,0.13603515625,-301.6309814453125,74.14063262939453,20.887575149536133,-0.2895107567310333,9.025662422180176,-19.21781349182129,-5.211277008056641,-6.967545986175537,-18.300071716308594,-3.5642147064208984,-9.577906608581543,-3.5014452934265137,-16.41571044921875,4.99746561050415,-3.0528926849365234,-3.6537904739379883,1.630537509918213,-1.1253352165222168,-8.622757911682129,6.379959583282471,1
h_close_(7).wav,0.32853859663009644,0.08738899230957031,3375.809233002208,3049.5052113630722,6784.658974095395,0.18597733347039475,-273.1087951660156,66.7510757446289,25.439102172851562,-3.298372745513916,4.441137313842773,-14.779304504394531,-2.2043259143829346,-6.432204246520996,-10.994619369506836,-3.9852399826049805,-9.742000579833984,-8.95047664642334,-14.655177116394043,1.648634910583496,-9.075183868408203,-1.2149419784545898,0.49872368574142456,-7.88677978515625,-7.2051310539245605,2.516542911529541,1
h_close_(8).wav,0.4207113981246948,0.04903661832213402,3207.7030746264613,3111.9938104647654,7023.586043392319,0.16715690888554216,-297.391357421875,76.80533599853516,30.25941276550293,4.936443328857422,5.840151309967041,-4.602955341339111,4.64959192276001,-8.426033020019531,-14.609283447265625,-4.264735698699951,-7.390469074249268,-10.936037063598633,-8.392407417297363,0.748735249042511,-6.895613193511963,6.0344390869140625,-6.113999843597412,-3.07460355758667,-6.589210510253906,1.667439341545105,1
h_close_(9).wav,0.3936763107776642,0.07198815792798996,3548.364861923674,3212.488258055562,7349.515017947635,0.20567637950450451,-236.36141967773438,69.4438247680664,31.771854400634766,2.9067280292510986,-2.248671770095825,-8.876742362976074,1.0007151365280151,-8.641947746276855,-20.187915802001953,4.200621604919434,-9.085958480834961,-3.061474561691284,-10.92194938659668,0.9964486360549927,-2.9367403984069824,-2.8250997066497803,-5.3378586769104,-4.176295757293701,-10.101144790649414,5.043310165405273,1
h_open_(1).wav,0.3373749852180481,0.06969090551137924,2281.327508621453,2798.0889279914013,4942.902531035959,0.08456629922945205,-285.2566223144531,108.94056701660156,22.564197540283203,-11.160923957824707,3.2148444652557373,-16.24626922607422,-12.639302253723145,-8.647553443908691,-18.180391311645508,-10.358306884765625,-13.208980560302734,-11.19086742401123,-9.481651306152344,-0.3314642310142517,-0.8525155186653137,-3.8658251762390137,-7.778798580169678,-2.69447922706604,-6.50477933883667,-2.09285569190979,0
h_open_(10).wav,0.34934622049331665,0.0844731479883194,2674.6947510730265,2880.128972523008,5778.973388671875,0.09913394325657894,-277.7533264160156,92.22055053710938,28.022676467895508,-7.0704665184021,-1.400835394859314,-6.285851955413818,-12.351306915283203,-3.469524621963501,-5.746815204620361,-7.733497142791748,-12.10705852508545,-8.004060745239258,-9.332852363586426,2.9537086486816406,-2.1662373542785645,-10.112266540527344,-1.009187936782837,2.9931833744049072,-8.358414649963379,-4.35444450378418,0
h_open_(11).wav,0.36916711926460266,0.08482634276151657,2527.54904272743,2865.1736757779017,5980.00602722168,0.10638046264648438,-277.96588134765625,95.31572723388672,26.49650001525879,-7.604482650756836,7.188461780548096,-3.753308057785034,-13.323222160339355,1.637268304824829,-5.2954206466674805,-4.893200874328613,-12.380437850952148,-4.504213333129883,-8.238100051879883,4.008242607116699,-4.960188865661621,-9.338098526000977,0.7604935169219971,3.0232491493225098,-10.024188995361328,-6.018784523010254,0
h_open_(12).wav,0.39163997769355774,0.07125396281480789,2049.0125137919517,2612.399798610658,4465.293305495689,0.07301207794540229,-247.5535430908203,111.6460952758789,24.121505737304688,8.963311195373535,2.88798189163208,-13.018491744995117,-4.266510486602783,-10.524406433105469,-13.671905517578125,-1.6993643045425415,-13.183159828186035,-15.216864585876465,-12.08771800994873,-2.509566307067871,-7.6218647956848145,-3.581003189086914,-6.683623790740967,-1.2720094919204712,-5.414600372314453,4.502232551574707,0
h_open_(13).wav,0.3781135380268097,0.11108748614788055,2373.9864797611444,2783.4707082690816,5315.952252327128,0.0946798121675532,-245.126220703125,102.14096069335938,21.196874618530273,-5.3912129402160645,2.242584466934204,-9.216176986694336,-7.6371941566467285,-16.324758529663086,-7.999330520629883,-7.913011074066162,-18.416343688964844,-7.058238506317139,-11.372323989868164,-0.35173240303993225,-6.957245349884033,-6.10515832901001,-4.174641132354736,3.77280855178833,-11.359345436096191,1.248013973236084,0
h_open_(14).wav,0.3900817632675171,0.08959630131721497,2329.9334742914534,2792.808798588957,5147.213855421687,0.08516683923192771,-266.27874755859375,110.4515380859375,26.483055114746094,-6.837711811065674,1.8080284595489502,-19.345739364624023,-10.208965301513672,-14.19704532623291,-9.44919204711914,-6.824551105499268,-6.9763593673706055,-8.136983871459961,-18.00685691833496,0.6070395112037659,-4.551007270812988,-7.397789001464844,-5.260733127593994,-2.007909059524536,-13.061339378356934,7.102624416351318,0
h_open_(15).wav,0.4277082085609436,0.07707632333040237,2176.104038155838,2722.2993886816093,4877.978836862664,0.07467490748355263,-295.7022399902344,111.73155975341797,21.519424438476562,-10.49637508392334,-0.21846646070480347,-10.432252883911133,-3.4564642906188965,-7.676413059234619,-14.348194122314453,0.16321206092834473,-11.535301208496094,-5.0622053146362305,-8.143881797790527,0.007131473161280155,-5.312856674194336,-7.8641180992126465,-6.606868743896484,-2.466140031814575,-8.375411033630371,-1.5589853525161743,0
h_open_(2).wav,0.3154398500919342,0.08601371198892593,2586.5018885628538,2917.471989772117,6100.828405928938,0.0904122966609589,-276.276123046875,85.1427993774414,20.38707733154297,1.6283046007156372,1.6127443313598633,-17.03491973876953,-8.168893814086914,-14.2117919921875,-16.24551773071289,0.6973739266395569,-17.603086471557617,-5.162168025970459,-16.76862907409668,-2.041483163833618,-4.485771656036377,-2.526528835296631,-5.834964752197266,-7.609072208404541,-13.241393089294434,3.393303394317627,0
h_open_(3).wav,0.3938644230365753,0.07724127173423767,2805.729360923339,2987.032311128777,6187.888916015625,0.108896484375,-283.0164794921875,90.7806625366211,27.1702938079834,-0.4678708612918854,1.7399524450302124,-21.762317657470703,-7.264072895050049,-7.382864475250244,-9.03532886505127,0.16962648928165436,-13.131335258483887,-2.8286092281341553,-13.160922050476074,-3.687473773956299,-4.985435962677002,-1.629408597946167,-6.230628490447998,-3.5619592666625977,-9.419321060180664,7.444015026092529,0
h_open_(4).wav,0.27442342042922974,0.09846499562263489,2775.782561620782,3001.296929325675,6127.264730438931,0.10599057729007634,-272.17218017578125,86.72229766845703,35.49915313720703,-3.259546995162964,-1.6937174797058105,-31.71773338317871,-12.002598762512207,-12.81954288482666,-6.233127117156982,-4.065188407897949,-15.341480255126953,-5.111778259277344,-16.629898071289062,-1.827773928642273,-1.4226213693618774,-3.7764556407928467,-3.475846767425537,-4.8927412033081055,-7.9306817054748535,1.5929023027420044,0
h_open_(5).wav,0.3060891032218933,0.10288833826780319,2672.473296297535,3012.146554138,6628.466796875,0.08911520337301587,-269.23419189453125,85.9563217163086,21.100584030151367,-4.577347755432129,-6.01298189163208,-16.90825653076172,-6.5431623458862305,-11.342167854309082,-6.767994403839111,-0.6446552872657776,-14.755790710449219,-1.0122325420379639,-19.843034744262695,1.0413639545440674,-1.7045916318893433,-3.3730854988098145,0.7917343974113464,3.8070688247680664,-4.576859951019287,5.265816688537598,0
h_open_(6).wav,0.39352527260780334,0.052994318306446075,2844.882778631874,2970.3120166652316,6467.174560546875,0.12984375,-294.1934814453125,85.4399185180664,30.404191970825195,3.0772690773010254,-2.031766891479492,-10.675541877746582,-5.530587673187256,-11.388527870178223,-5.042609214782715,-5.661017417907715,-13.964262962341309,-6.126288890838623,-15.305821418762207,3.796266555786133,-3.51554799079895,0.14488907158374786,-10.530206680297852,1.3821587562561035,-7.295050144195557,2.444887161254883,0
h_open_(7).wav,0.2823670208454132,0.08971898257732391,3076.2457874708825,3397.0347091544204,7732.721747036638,0.11634563577586207,-280.5736999511719,90.48532104492188,31.815811157226562,-9.632600784301758,4.4033637046813965,-17.138965606689453,-2.2172982692718506,-19.928192138671875,-2.2256126403808594,-12.926106452941895,-16.058744430541992,-7.951501846313477,-5.809353828430176,0.06963548064231873,-8.395347595214844,-5.024415969848633,-3.1658501625061035,3.3070871829986572,-6.2715373039245605,0.6654356718063354,0
h_open_(8).wav,0.40074488520622253,0.07800779491662979,2710.0403366068304,3047.427924120771,6277.4218377266225,0.11684831226145038,-302.7536926269531,95.82720184326172,31.834461212158203,-6.3075079917907715,0.2371159940958023,-16.503944396972656,-8.152280807495117,-13.734756469726562,-2.88291072845459,-5.125267505645752,-10.264762878417969,-10.63858413696289,-6.518599510192871,-5.310862064361572,-2.4693257808685303,-7.619226455688477,-6.113463878631592,5.058740615844727,-5.790400505065918,-1.359104871749878,0
h_open_(9).wav,0.3707582652568817,0.06622517853975296,2499.116498134618,2838.169126728395,5722.314147949219,0.1086181640625,-298.1852111816406,96.60765838623047,25.186323165893555,-6.333661079406738,-1.2959775924682617,-9.962854385375977,-9.116981506347656,-2.2288401126861572,-8.435507774353027,-3.1038758754730225,-14.374298095703125,-5.595168113708496,-9.920907020568848,3.469557523727417,-3.9804847240448,-7.654583930969238,-2.4439475536346436,0.8861586451530457,-7.9919843673706055,-6.197932243347168,0
b_close_(1).wav,0.3401387631893158,0.023919276893138885,1958.0606320459885,1984.9941840621902,4210.118986430921,0.10285601699561403,-481.86865234375,59.04338455200195,6.663753032684326,20.9748592376709,5.675572395324707,7.127873420715332,-3.5585134029388428,-9.97142505645752,-7.827380657196045,-5.9086594581604,-5.363752365112305,-2.208094358444214,0.42209604382514954,1.1333571672439575,2.5400846004486084,3.259765625,2.7885115146636963,1.3501355648040771,2.1197667121887207,-2.8027756214141846,1
b_close_(10).wav,0.30342185497283936,0.02546573244035244,2001.0216721012875,1893.4242581314384,4023.71826171875,0.1220364040798611,-444.4064636230469,102.0738525390625,5.108567237854004,20.147003173828125,-9.933155059814453,0.886698842048645,-15.179216384887695,-8.298256874084473,-2.802619457244873,-4.089189529418945,-11.330235481262207,1.8384935855865479,-12.265822410583496,2.0771427154541016,14.87236499786377,-0.48469802737236023,3.9362704753875732,-2.222012758255005,0.18321365118026733,-8.14350700378418,1
b_close_(2).wav,0.3499355614185333,0.03697177767753601,2107.078643121938,2008.1355593317637,4383.526826746323,0.11540096507352941,-448.59881591796875,49.752201080322266,9.456830978393555,22.397315979003906,5.209011077880859,8.365589141845703,-9.898477554321289,-14.386857032775879,-4.8613362312316895,-6.50264835357666,-5.210933208465576,2.369530200958252,-0.4756956100463867,-0.6465718746185303,9.556466102600098,3.457883834838867,0.9986416101455688,2.7769434452056885,-1.6760274171829224,-6.992530822753906,1
b_close_(3).wav,0.3648907542228699,0.025081817060709,2017.368400938234,1848.8343208765705,3934.0456102715166,0.10912685706967214,-490.46435546875,69.5967788696289,7.516386032104492,20.615232467651367,7.422186851501465,16.558935165405273,-12.449162483215332,-13.686070442199707,3.2618045806884766,-6.298441410064697,-6.103290557861328,7.18898868560791,-4.948553085327148,0.8422033190727234,10.032744407653809,-2.1787571907043457,1.8800160884857178,2.6238675117492676,-0.69349205493927,-6.161971569061279,1
b_close_(4).wav,0.38636937737464905,0.020330632105469704,2076.662636930199,2074.868474189848,4546.487379807692,0.11127554086538462,-498.9255065917969,74.00003051757812,2.745257616043091,20.017086029052734,13.007917404174805,18.664583206176758,-11.872903823852539,-13.181060791015625,-1.4500982761383057,-5.208405017852783,-3.7867259979248047,5.309418678283691,-1.536065697669983,-2.5217199325561523,8.635116577148438,5.7054948806762695,2.5489301681518555,3.1715922355651855,1.6146340370178223,-4.373353004455566,1
b_close_(5).wav,0.2370077669620514,0.02758394181728363,1140.6087079361332,1294.4393443877132,2090.8456902754933,0.05665989925986842,-468.03741455078125,128.32188415527344,11.202221870422363,28.197738647460938,9.286820411682129,-4.703017711639404,-22.83980369567871,-13.865941047668457,3.1714768409729004,-14.185439109802246,-11.4745454788208,-2.142207145690918,-10.983705520629883,2.5320723056793213,15.807649612426758,0.48063990473747253,1.1173402070999146,4.481576442718506,-5.66262674331665,-9.350476264953613,1
b_close_(6).wav,0.2731863558292389,0.025527918711304665,1421.5716627401769,1490.871957099726,2742.9087763247285,0.07904848845108696,-469.7919921875,96.1118392944336,4.661730766296387,30.811264038085938,9.083739280700684,-7.949738025665283,-10.980957984924316,-17.653942108154297,-6.000938892364502,-6.753733158111572,-9.799166679382324,-0.8459873199462891,-3.464836359024048,-1.1154097318649292,10.309830665588379,1.3142918348312378,-0.5871626138687134,5.360884666442871,-3.9661459922790527,-7.5898637771606445,1
b_close_(7).wav,0.36324095726013184,0.01922670565545559,1783.2440221874351,1695.1567157052573,3423.779296875,0.11192021407480315,-513.1533203125,84.43698120117188,8.226049423217773,12.747664451599121,-0.9445608854293823,-3.0159695148468018,-10.155489921569824,-5.5221099853515625,0.19110466539859772,-4.512252330780029,-2.5405502319335938,0.6641018390655518,-2.406897783279419,1.4704924821853638,8.28344440460205,0.9560213088989258,1.9166427850723267,0.47506237030029297,-6.662323951721191,-7.8944172859191895,1
b_close_(8).wav,0.31815972924232483,0.02490910142660141,1859.4414420406206,1633.158886359339,3322.896240234375,0.1197021484375,-457.354248046875,85.24645233154297,4.444568634033203,22.61315155029297,2.521528482437134,-5.754329681396484,-13.611104965209961,0.300349622964859,-3.170379877090454,-5.740149021148682,-1.2331401109695435,-0.875068187713623,-6.511418342590332,0.40639224648475647,9.847125053405762,1.7959517240524292,3.656653642654419,0.8192498087882996,-2.5471549034118652,-8.347057342529297,1
b_close_(9).wav,0.3623560965061188,0.02734006568789482,1679.3065694484442,1705.0057626694286,3160.5743408203125,0.094970703125,-449.19256591796875,79.72968292236328,11.39113712310791,24.055179595947266,8.685713768005371,-4.432621479034424,-15.708971977233887,-7.685549259185791,-5.5047454833984375,-7.720005512237549,-0.04498038813471794,1.8166463375091553,-2.6734683513641357,-0.22855928540229797,9.191205978393555,4.234832286834717,2.338684558868408,1.6757421493530273,-4.495471477508545,-8.916705131530762,1
b_open_(1).wav,0.24051550030708313,0.07928065210580826,1163.1555548754466,1271.1896342406262,2362.6512871413934,0.05489561987704918,-373.7705993652344,105.57803344726562,6.35270357131958,32.540889739990234,5.39832878112793,-8.238921165466309,-16.53028106689453,-27.249425888061523,-7.375922679901123,-28.0903377532959,-20.864368438720703,9.295082092285156,-14.943391799926758,5.3211894035339355,27.520587921142578,-7.819828033447266,-6.61476993560791,-2.511726140975952,-13.153475761413574,-1.7097220420837402,0
b_open_(10).wav,0.34779471158981323,0.028488878160715103,1604.2991308758992,1800.2193995000252,3445.470832375919,0.07380945542279412,-462.64251708984375,82.96292114257812,1.699915885925293,20.617963790893555,-7.201261520385742,-2.6906862258911133,-9.592571258544922,-19.904972076416016,-4.504673480987549,-14.095697402954102,-5.109494686126709,9.585420608520508,-13.775373458862305,1.8690783977508545,14.70693588256836,-6.601114749908447,-1.6499487161636353,-0.7056359648704529,-2.0275399684906006,-5.285945892333984,0
b_open_(2).wav,0.2125672549009323,0.1108991727232933,1104.1414910374658,1302.7460430311623,2057.3372049534573,0.04849567819148936,-340.13427734375,114.8766098022461,1.5913785696029663,19.990964889526367,-2.3582351207733154,-6.624537467956543,-41.269649505615234,-41.84867858886719,-6.305051326751709,-11.088085174560547,-15.319559097290039,11.090302467346191,-12.823391914367676,-1.1777957677841187,19.73420524597168,-10.088391304016113,-0.4975946247577667,3.2128090858459473,-12.216628074645996,-9.312289237976074,0
b_open_(3).wav,0.3139820098876953,0.051556993275880814,1279.339004065715,1635.6984035501698,2842.764606881649,0.05612463984929078,-439.7484130859375,68.30165100097656,10.337370872497559,19.014036178588867,4.066320896148682,-5.9456048011779785,-14.615920066833496,-15.37782096862793,1.461846947669983,-6.285543441772461,-4.047397136688232,2.7602760791778564,-10.676008224487305,2.955737829208374,8.919144630432129,-8.813234329223633,-4.695328712463379,-0.46039825677871704,-6.032027244567871,-5.433342456817627,0
b_open_(4).wav,0.38517075777053833,0.05208772048354149,1572.5918952240447,1859.9498149387894,3634.1219274009145,0.06410775533536585,-444.58489990234375,71.65374755859375,6.42682409286499,13.1141357421875,3.939821243286133,2.2476086616516113,-12.140765190124512,-18.826759338378906,-0.17218340933322906,-9.447307586669922,-5.389006614685059,8.7162446975708,-5.29101037979126,5.397640228271484,13.28848934173584,-5.161017894744873,-4.114374160766602,-1.9404542446136475,-4.8062639236450195,-2.8597965240478516,0
b_open_(5).wav,0.38534948229789734,0.01636628620326519,1604.1501178216138,1955.1329429860275,3813.7260298295455,0.07110706676136364,-540.2453002929688,78.68997955322266,2.646916389465332,25.005468368530273,0.5867148637771606,8.910041809082031,7.785660743713379,-3.3763864040374756,5.171370983123779,-11.344992637634277,-1.31990647315979,9.377823829650879,-4.20703649520874,6.804079532623291,4.718869209289551,-4.427456855773926,3.034825325012207,-3.92104434967041,-7.39073371887207,-5.326169013977051,0
b_open_(6).wav,0.2508409321308136,0.033317334949970245,1293.4770180915125,1541.251810339568,2674.336531355574,0.06096257390202703,-465.3489685058594,100.88322448730469,0.4520060122013092,12.695706367492676,-0.14680305123329163,0.1459500789642334,-8.5875244140625,-17.247615814208984,-0.5850728154182434,-6.198494911193848,-12.350668907165527,4.286024570465088,0.857277512550354,2.9858384132385254,8.345430374145508,-2.1625864505767822,1.0048420429229736,-2.0667154788970947,-9.041439056396484,-7.402191162109375,0
b_open_(7).wav,0.38785624504089355,0.01579112559556961,1791.5215937256196,1903.5169830815078,3719.704044675364,0.09754721632281553,-517.795654296875,85.84959411621094,5.816805839538574,16.210651397705078,-3.179821729660034,5.542004585266113,-10.042713165283203,-10.332231521606445,6.378376483917236,-4.097679138183594,-7.595329761505127,-0.2963002622127533,-3.4279613494873047,4.385542392730713,5.582682132720947,-3.696951150894165,0.5367148518562317,-3.625411033630371,-1.371347188949585,-2.205576181411743,0
b_open_(8).wav,0.2851223945617676,0.015550509095191956,1603.2301067856129,1642.5809850613186,3233.624549278846,0.08878455528846153,-520.9901123046875,96.21065521240234,-0.908488929271698,20.892892837524414,0.9136368036270142,-5.0127739906311035,-8.589707374572754,-16.457334518432617,-3.7531328201293945,-8.297574996948242,-0.5604757070541382,7.6544976234436035,-7.227072715759277,3.4037857055664062,11.902447700500488,-5.712693691253662,-3.2713561058044434,5.172123432159424,-1.0758243799209595,-4.392776012420654,0
b_open_(9).wav,0.26516589522361755,0.022275587543845177,1498.1084183939552,1624.8613413552732,3127.244952905958,0.07540979117990654,-478.0482482910156,73.64676666259766,-7.8408002853393555,19.607168197631836,-0.45605379343032837,4.465907096862793,-3.315124750137329,-18.909469604492188,-0.9714816212654114,-7.1252264976501465,-5.897525787353516,-3.933368444442749,-10.606829643249512,8.773551940917969,6.820549964904785,-8.608259201049805,2.433377742767334,3.586670398712158,-5.6107072830200195,-2.712977886199951,0
L_close_(14).wav,0.250876247882843,0.024792421609163284,1418.4662602667431,1438.289647166698,2402.9806385869565,0.09159873188405797,-475.3099670410156,76.77462005615234,8.561124801635742,-1.3755284547805786,-8.730122566223145,-5.620582580566406,-25.275087356567383,-23.83310317993164,-11.119049072265625,13.866744041442871,-1.1660802364349365,-13.276017189025879,-1.9937275648117065,1.2326927185058594,-4.0183868408203125,-6.804701805114746,-1.8784325122833252,-7.856968879699707,-1.1964175701141357,-4.957937717437744,1
L_close_(15).wav,0.26167359948158264,0.01511379610747099,1567.7924066454145,1386.5067588331171,2564.1075721153848,0.09417925824175824,-512.1364135742188,102.01018524169922,7.6147589683532715,-1.8025377988815308,-16.87067985534668,14.626070022583008,-7.606929779052734,-23.49983024597168,-17.19328498840332,6.472358226776123,4.443111896514893,-6.354065418243408,-8.223349571228027,-1.7657774686813354,-5.642765998840332,-3.491326332092285,-3.111211061477661,-11.5220947265625,-9.27888011932373,-4.670840263366699,1
L_close_(2).wav,0.3216753900051117,0.022737352177500725,1778.935505917674,1831.6359195255238,3463.5590563322367,0.09701377467105263,-479.94970703125,66.28285217285156,-1.4357010126113892,8.97563648223877,-7.442436695098877,-1.111722707748413,-12.51911449432373,-11.683538436889648,-17.66554832458496,4.580521583557129,3.8952925205230713,-9.017882347106934,-11.377184867858887,-4.285759449005127,-5.980178356170654,-6.148256301879883,6.104275226593018,-3.588783025741577,0.5519555807113647,-3.316176652908325,1
L_close_(3).wav,0.3112955689430237,0.013253303244709969,1708.6072914556269,1703.8630495703947,3185.7686793550533,0.09349027593085106,-526.8001708984375,97.2199935913086,16.444591522216797,7.107712268829346,-9.714268684387207,0.7628348469734192,-23.49435806274414,-17.17852210998535,-14.198741912841797,5.944373607635498,-9.883169174194336,-9.482149124145508,-10.640477180480957,-4.352302551269531,-8.199925422668457,-0.07571952044963837,-2.00655198097229,-7.34207820892334,-4.935240268707275,-11.747175216674805,1
L_close_(4).wav,0.2672327756881714,0.015209157019853592,1589.7777992230438,1640.9274594144338,2924.208984375,0.0860279224537037,-492.7257995605469,69.52658081054688,4.983944416046143,-1.046762466430664,-10.822222709655762,5.356270790100098,-6.279601097106934,-12.895535469055176,-11.540684700012207,4.402420520782471,-2.272911310195923,-9.437295913696289,-7.260648727416992,-1.3318675756454468,-4.028064250946045,-5.391953945159912,-0.5602640509605408,-8.055025100708008,-7.360180854797363,-5.154006481170654,1
L_close_(5).wav,0.33605754375457764,0.016576863825321198,1748.8109591603618,1803.4003314920915,3279.1351318359375,0.10031273251488096,-513.860595703125,67.43439483642578,8.50931167602539,7.368387222290039,-0.5439785718917847,6.876550674438477,-5.320308685302734,-8.266636848449707,-15.777788162231445,2.143455982208252,-4.3818840980529785,-4.148051738739014,-6.8169732093811035,-6.322971343994141,-3.210069179534912,-2.0637333393096924,-4.320473670959473,-11.144352912902832,-6.951600551605225,-6.20492696762085,1
L_close_(6).wav,0.30734339356422424,0.011779186315834522,1442.633936699963,1595.6435800586362,2823.129595588235,0.07058823529411765,-534.9933471679688,111.38251495361328,16.575132369995117,3.3651440143585205,-14.130425453186035,-2.5724215507507324,-4.794076919555664,-13.405962944030762,-20.27020835876465,1.3395594358444214,-7.669548988342285,-5.587879657745361,-3.737879514694214,-3.2523837089538574,1.1697510480880737,-1.8933900594711304,-3.683293581008911,-4.167483806610107,-7.072491645812988,-3.422959327697754,1
L_close_(7).wav,0.25553110241889954,0.030733926221728325,1754.9964465807043,1602.7014350818158,2951.233154296875,0.1031201171875,-462.9185485839844,78.6468734741211,11.16466999053955,2.888841152191162,-14.610036849975586,-3.5847342014312744,-16.88572883605957,-12.422890663146973,-22.207420349121094,3.686887741088867,-0.3948252499103546,-10.407588958740234,-0.04332900047302246,1.3430637121200562,-2.3064987659454346,-7.752199649810791,-0.8183234333992004,-5.234516143798828,-0.9489463567733765,-4.678066730499268,1
L_close_(8).wav,0.2774728536605835,0.027385013177990913,1431.8700024458342,1585.2580504787945,2500.8071001838234,0.07960899203431372,-454.3232116699219,86.37860107421875,10.586068153381348,-13.18388843536377,-12.152568817138672,-0.3284003734588623,-16.38705825805664,-16.309673309326172,-18.737451553344727,11.259599685668945,7.353668212890625,-7.041760444641113,-3.4107182025909424,0.7414066195487976,1.9728206396102905,-7.448540210723877,-3.2230920791625977,-4.787764072418213,-3.554856777191162,-5.413473606109619,1
L_close_(9).wav,0.30269455909729004,0.012500232085585594,1613.8695156093386,1482.5167607317433,2677.391918285473,0.10466814470720721,-520.7963256835938,96.1402816772461,13.686688423156738,3.214815139770508,-5.468031883239746,-1.8358509540557861,-23.998586654663086,-20.164220809936523,-14.979300498962402,8.45682430267334,-0.8430212736129761,-11.470980644226074,-4.326628684997559,1.7226651906967163,-4.2315497398376465,-7.108259201049805,-4.253383636474609,-6.654501438140869,-4.134399890899658,-8.851550102233887,1
L_open_(1).wav,0.3588314652442932,0.010787584818899632,1327.528266938415,1667.9974271838676,2775.4628148572197,0.05992389547413793,-543.4744262695312,82.94584655761719,20.606714248657227,17.72907257080078,6.887004375457764,2.747375726699829,-4.610400199890137,-8.214007377624512,-9.271049499511719,0.46468105912208557,-7.06804084777832,-3.6701817512512207,-0.22569110989570618,-6.866575717926025,-6.8100905418396,-8.051918983459473,-6.079281330108643,-8.862626075744629,-7.090380668640137,-6.543870449066162,0
L_open_(10).wav,0.36587509512901306,0.018067725002765656,1563.9097494917107,1706.1171532926392,3064.1748046875,0.09702845982142858,-500.07958984375,83.37847137451172,17.172317504882812,12.273767471313477,-6.680617809295654,-1.348217487335205,-6.585536003112793,-13.131980895996094,-10.34358024597168,2.177475929260254,-10.185379028320312,-2.253633975982666,0.44842544198036194,-7.243630886077881,-3.0886433124542236,-4.286415100097656,-3.552278757095337,-5.111906051635742,-4.867032527923584,-8.895980834960938,0
L_open_(11).wav,0.41083675622940063,0.03784883767366409,1552.805303816653,1713.4907410784035,3194.8394775390625,0.0775485568576389,-446.28778076171875,91.11697387695312,1.0386322736740112,4.252498626708984,-17.19432258605957,1.0623160600662231,-14.178004264831543,-18.667221069335938,-16.012670516967773,-0.8834629058837891,-8.379169464111328,-3.201341152191162,-5.587270259857178,-8.288213729858398,-3.177711009979248,-6.858847141265869,-3.4951400756835938,-1.9362483024597168,2.2238340377807617,-3.490866184234619,0
L_open_(12).wav,0.309806764125824,0.013692157343029976,1446.599323270077,1622.042126344724,2836.6537951548166,0.08205364822247706,-530.2592163085938,110.90850830078125,3.9178457260131836,14.682391166687012,-9.263997077941895,2.777837038040161,-3.126704454421997,-7.214133262634277,-11.384439468383789,2.1450889110565186,-9.91443920135498,-5.918155193328857,-0.8480252623558044,0.13094569742679596,-3.7617239952087402,-5.276733875274658,-5.257585048675537,-10.960771560668945,-4.738225936889648,-4.48952054977417,0
L_open_(13).wav,0.33606988191604614,0.05148704722523689,1673.4392030845481,1710.5336513171096,2865.9445057744565,0.09463456748188406,-401.2340087890625,73.98016357421875,-9.295134544372559,0.6938003301620483,-6.383853435516357,3.1785213947296143,-13.545878410339355,-11.917208671569824,-19.73487663269043,5.872721195220947,-5.9974284172058105,-2.300598382949829,-1.833486795425415,-3.7051024436950684,-5.825966835021973,-8.399226188659668,-2.7012674808502197,-10.780637741088867,-4.174123764038086,-1.2346749305725098,0
L_open_(14).wav,0.3758953809738159,0.009586101397871971,1944.3356697241636,1792.2648635284686,3670.078125,0.12513020833333333,-557.954345703125,81.66587829589844,-2.653210401535034,-0.08849091082811356,-3.297368049621582,4.910916805267334,-15.476017951965332,-10.544737815856934,-9.088046073913574,-0.18605151772499084,2.9048755168914795,-0.5537644624710083,-9.853273391723633,-4.917872428894043,-1.8692208528518677,-8.876016616821289,-4.557267189025879,-3.2624495029449463,-3.9588286876678467,-3.374129295349121,0
L_open_(15).wav,0.3727344870567322,0.010387027636170387,1697.1265012686406,1911.9752633721491,3531.625960177223,0.09502313601090603,-536.93359375,42.21208572387695,5.37202262878418,8.534211158752441,1.1947976350784302,1.632836103439331,-3.1505367755889893,-7.733953952789307,-5.003015995025635,0.581339418888092,-2.037473201751709,-0.4879545271396637,-0.5446571707725525,-3.1022794246673584,-2.4272122383117676,-3.7245912551879883,-4.81474494934082,-5.3148512840271,-3.7680060863494873,-4.2961249351501465,0
L_open_(2).wav,0.4164902865886688,0.014480098150670528,1615.8004251751784,1805.6788646549344,3047.917236328125,0.09009765625,-536.6985473632812,81.2262954711914,8.261543273925781,10.984867095947266,-2.0122745037078857,6.697566032409668,-7.0102667808532715,-12.303718566894531,-15.030739784240723,2.320746660232544,-9.524693489074707,-1.9128690958023071,1.0548765659332275,-5.324434757232666,-6.153680324554443,-6.162118911743164,-3.2150156497955322,-8.330265045166016,-2.7710766792297363,-2.8411014080047607,0
L_open_(3).wav,0.37608641386032104,0.009519551880657673,1396.1328510709552,1587.8157721417315,2715.64453125,0.08008510044642857,-553.3416137695312,87.0490493774414,18.928186416625977,3.888808250427246,0.5334885120391846,-0.4301851689815521,-10.461233139038086,-15.250289916992188,-10.721397399902344,-1.0488712787628174,-3.4886069297790527,-2.298933506011963,-3.6272172927856445,-5.059055328369141,-3.449169158935547,-6.417443752288818,-3.593404769897461,-1.3150699138641357,-5.198187351226807,-6.228707313537598,0
L_open_(4).wav,0.3576127588748932,0.02841201238334179,1535.2908638257281,1659.7207163830087,3127.892331042922,0.09490304969879518,-449.3586120605469,96.70822143554688,-1.221774935722351,5.397686958312988,-12.980541229248047,-0.1549506038427353,-7.249666690826416,-15.631382942199707,-16.40203285217285,3.508256673812866,-8.410529136657715,0.17119555175304413,1.2800028324127197,-7.5748209953308105,-5.268646717071533,-5.693025588989258,-2.7323098182678223,-3.816329002380371,3.265289306640625,-3.7143940925598145,0
L_open_(5).wav,0.34665146470069885,0.025855761021375656,1295.0220656506078,1478.6636373723943,2478.211388221154,0.06342827094780219,-450.5359802246094,95.74773406982422,10.534565925598145,11.705217361450195,2.46349835395813,3.6710503101348877,-9.67646312713623,-12.936271667480469,-7.335121154785156,5.593616962432861,-1.1097596883773804,-4.823692798614502,-2.1863608360290527,-3.5015323162078857,-1.450986623764038,-3.2766788005828857,-0.8560999631881714,-4.851820945739746,-5.42213773727417,-9.22720718383789,0
L_open_(6).wav,0.3339228928089142,0.01100771501660347,1513.3162623398925,1609.2725338188357,2909.5413002732626,0.08494779988789238,-505.9651794433594,67.22742462158203,8.868375778198242,6.652080059051514,-2.504551649093628,0.006355354096740484,-5.714502334594727,-12.563434600830078,-9.367976188659668,2.066497325897217,-0.8996703028678894,-5.033881187438965,-3.862020492553711,-4.745517730712891,-2.7769274711608887,-2.5442306995391846,-3.2706949710845947,-5.050769329071045,-7.292369842529297,-6.218235015869141,0
L_open_(7).wav,0.3250530958175659,0.03167301416397095,1306.8079946416283,1561.7433105738924,2602.0782470703125,0.06482611762152778,-437.7111511230469,104.620361328125,9.047872543334961,5.859259605407715,-15.12791919708252,0.663098156452179,-6.623549938201904,-8.437013626098633,-9.558566093444824,2.458127498626709,-7.864758014678955,6.466451168060303,-6.951305866241455,-11.552802085876465,-3.335381031036377,-6.690610885620117,1.103332281112671,4.977743148803711,-0.6920908689498901,-3.37520694732666,0
L_open_(8).wav,0.35579678416252136,0.013512988574802876,1498.4542874860379,1659.1737191220209,2968.4932521132173,0.07834112448770492,-499.01263427734375,80.92321014404297,11.57696533203125,12.360072135925293,2.0449020862579346,2.6644723415374756,-9.138009071350098,-16.518701553344727,-8.632290840148926,5.020177841186523,-7.097501754760742,-5.115848064422607,-3.288132905960083,-7.491273403167725,-3.9666244983673096,-2.766530990600586,-3.997349739074707,-3.9341084957122803,-6.429396152496338,-10.448249816894531,0
L_open_(9).wav,0.3965882658958435,0.015320977196097374,1555.6061711627403,1679.9301656885389,3137.1023155120483,0.07902508471385543,-499.501708984375,114.43348693847656,-0.9968203902244568,11.790932655334473,-8.594953536987305,8.287792205810547,-12.127082824707031,-17.790119171142578,-13.006768226623535,4.146668434143066,-12.199104309082031,-6.090215682983398,-1.173042893409729,-12.64904499053955,-6.201958179473877,-4.972414493560791,-9.839547157287598,-7.871192932128906,-5.662322998046875,-9.5650053024292,0
a_close_(1).wav,0.396979957818985,0.011293920688331127,1375.3956843129752,1755.5373719398815,2944.4244840251868,0.07756384095149253,-564.5126953125,107.65518951416016,8.614992141723633,19.808443069458008,7.150478363037109,17.34756088256836,5.876869201660156,0.4107903838157654,-11.363487243652344,-3.2000558376312256,-2.062840461730957,4.6340012550354,3.5203561782836914,6.777760982513428,3.788116455078125,-5.22445011138916,3.283867120742798,-2.676501512527466,-2.6096901893615723,-6.55589485168457,1
a_close_(2).wav,0.40545743703842163,0.00953741930425167,1379.1211476114916,1757.046967703103,2879.6425122893256,0.07664918363764045,-596.777099609375,110.69918823242188,16.220989227294922,29.477319717407227,1.905470609664917,15.533370018005371,4.942854881286621,2.5893359184265137,-9.881197929382324,-1.162720799446106,0.5519194006919861,6.168213367462158,-2.1912877559661865,-4.505795478820801,3.2048912048339844,-2.964991807937622,5.152458667755127,-0.3602222800254822,-3.5325498580932617,-5.5763092041015625,1
a_close_(3).wav,0.42200902104377747,0.011632491834461689,1119.3760064167757,1623.819216678453,2313.906912076271,0.04661844544491525,-576.2276000976562,116.77967834472656,12.934497833251953,24.65802574157715,4.9718427658081055,17.19469451904297,6.554320335388184,5.426630973815918,-7.944406509399414,-9.91085147857666,0.4517604112625122,7.947334289550781,2.5461840629577637,-1.7081210613250732,-1.9931139945983887,0.8387005925178528,6.571207046508789,-3.118687152862549,-2.01908016204834,-7.327988147735596,1
a_close_(4).wav,0.40706485509872437,0.009828376583755016,1166.3631532535405,1528.0119208109063,2343.564130675118,0.06588111733490566,-585.2944946289062,126.12994384765625,24.237478256225586,32.909942626953125,7.70356559753418,8.22049617767334,-6.493469715118408,0.010959967039525509,-2.5094974040985107,1.7281091213226318,2.828744888305664,2.6618802547454834,-3.0862224102020264,-4.9454450607299805,4.069138526916504,-0.7433270215988159,-0.4042856693267822,1.9978963136672974,4.884243965148926,-6.7201337814331055,1
a_close_(5).wav,0.45075738430023193,0.007406609132885933,1194.6551428724838,1681.3786085803285,2575.949597714552,0.05959217583955224,-620.2005615234375,117.40918731689453,20.87021827697754,20.508193969726562,3.6310064792633057,12.772157669067383,4.968006610870361,2.2560312747955322,-4.2823805809021,-3.224200487136841,-0.28999173641204834,4.48030948638916,4.203309535980225,0.3355855345726013,4.308993339538574,3.1689634323120117,3.8013243675231934,-4.585912227630615,-3.0679123401641846,-4.226862907409668,1
e_close_(1).wav,0.4238240122795105,0.007899071089923382,1680.7781281536927,1945.6051476582636,3593.72031471946,0.06539084694602272,-573.5292358398438,98.244140625,2.928666114807129,28.847440719604492,-12.410628318786621,-2.080808162689209,24.64238929748535,15.420537948608398,-12.594837188720703,5.701871871948242,-0.5745726227760315,-4.911789417266846,5.825385570526123,-3.2790603637695312,1.6909266710281372,-1.2427760362625122,-8.518683433532715,5.991436958312988,-6.024195671081543,-10.570547103881836,1
e_close_(2).wav,0.3373534679412842,0.006107733119279146,1659.284898914096,2125.7039209443024,3823.523888221154,0.06084735576923077,-610.0429077148438,101.01898193359375,14.631338119506836,26.229507446289062,-5.585973262786865,5.805856704711914,22.926095962524414,4.402181625366211,-14.273655891418457,4.738559246063232,-5.200075626373291,0.33913663029670715,-2.0246355533599854,-10.825318336486816,3.229388475418091,-2.0168516635894775,-6.392677307128906,1.2307106256484985,-5.3789286613464355,1.283439040184021,1
e_close_(3).wav,0.40145134925842285,0.006531459279358387,1530.525532322614,1936.4883614327014,3379.351596174569,0.0598004220545977,-580.2623901367188,111.2725601196289,3.4224042892456055,29.343969345092773,-8.798296928405762,12.104601860046387,30.12859535217285,11.508927345275879,-24.237960815429688,13.001078605651855,1.072704553604126,-0.7067279815673828,0.2771407961845398,-8.009148597717285,6.268805027008057,-1.998092770576477,-5.788944721221924,1.6408461332321167,-5.698860168457031,-4.217589378356934,1
e_close_(4).wav,0.37038785219192505,0.007383294869214296,1460.1362213054906,1893.0917766926932,3256.313241246235,0.053010871611445784,-584.8939208984375,115.47351837158203,-3.3578414916992188,25.69065284729004,-2.2219226360321045,-2.840261697769165,21.875965118408203,13.469099998474121,-9.039629936218262,7.495372295379639,-1.068267583847046,-5.967686653137207,3.4377830028533936,0.46953150629997253,0.8502234220504761,1.9448574781417847,-9.086256980895996,2.162747383117676,-1.7971665859222412,-11.032106399536133,1
o_close_(1).wav,0.32022207975387573,0.14842742681503296,1775.4803912113812,1823.741526704783,3724.98779296875,0.06924293154761904,-238.8606719970703,110.77529907226562,-9.590522766113281,17.398548126220703,-16.29178810119629,16.83181381225586,-10.474773406982422,-21.295894622802734,-23.630756378173828,11.805665969848633,-3.929799795150757,5.087074279785156,-1.0766286849975586,13.998542785644531,-3.298259973526001,-10.764222145080566,6.150775909423828,-11.4715576171875,-4.176577091217041,-5.883701324462891,1
o_close_(2).wav,0.33833351731300354,0.13870835304260254,1735.4208238872054,1885.9669905941514,3931.9160793138585,0.06721297554347826,-267.6939697265625,104.14134979248047,-18.649011611938477,24.701858520507812,-16.479909896850586,14.181447982788086,-8.239214897155762,-24.83683967590332,-24.57352066040039,11.986030578613281,-4.415586948394775,4.738381862640381,-2.3155481815338135,16.351621627807617,-4.6337809562683105,-11.708730697631836,8.606624603271484,-14.33558177947998,-1.5576677322387695,2.3073782920837402,1
o_close_(3).wav,0.3280332684516907,0.10729702562093735,1720.329066305733,1780.1451197731992,3468.9465034298782,0.07078887195121951,-291.6283874511719,96.68426513671875,-3.305358409881592,17.392539978027344,-15.23913288116455,19.173534393310547,-5.6518778800964355,-22.78376579284668,-24.747541427612305,8.518441200256348,4.706686019897461,1.9794975519180298,-8.747940063476562,11.995243072509766,1.9495067596435547,-11.323567390441895,1.9286860227584839,-7.6255927085876465,-4.536304473876953,-8.412120819091797,1
o_close_(4).wav,0.3186546266078949,0.1535366028547287,1559.936129892396,1686.2494338140195,3246.728515625,0.058919270833333336,-248.4352264404297,116.32318878173828,-25.36128807067871,23.765932083129883,-9.412994384765625,12.81570816040039,-17.703285217285156,-25.3336181640625,-25.108577728271484,8.910266876220703,-5.974514961242676,-0.8843398094177246,3.154791831970215,8.09084415435791,-7.530340194702148,-4.068843841552734,9.039538383483887,-9.264188766479492,14.814507484436035,3.4469797611236572,1
o_close_(5).wav,0.3460145890712738,0.12479367852210999,1633.1636840630888,1727.1282922898306,3349.9886861661585,0.06776391006097561,-279.6245422363281,102.9363784790039,-12.761272430419922,22.47279930114746,-8.329561233520508,14.412616729736328,-11.125152587890625,-24.372997283935547,-26.382583618164062,6.955390930175781,-5.494722843170166,-2.8830020427703857,4.961267948150635,8.044795036315918,-9.129883766174316,-3.9681503772735596,7.6902055740356445,-8.811534881591797,8.507217407226562,5.434792518615723,1
a_open_(1).wav,0.4724312126636505,0.011664735153317451,1396.440105622739,1711.174845318284,2841.718207465278,0.08992814429012345,-585.4625244140625,101.57600402832031,15.595903396606445,14.595277786254883,9.676868438720703,16.04872703552246,3.3949837684631348,-2.9058725833892822,-14.178643226623535,-2.0232694149017334,3.2310400009155273,4.741848468780518,1.6261616945266724,1.4202873706817627,5.7596282958984375,0.6172459721565247,2.946568012237549,-1.0379102230072021,-0.43801823258399963,-4.450876235961914,0
a_open_(2).wav,0.4070493280887604,0.04213763028383255,1085.9252502498255,1486.092808333682,2028.5336353739754,0.055576011782786885,-441.6846008300781,100.64884948730469,3.8347485065460205,15.360081672668457,-0.6151052713394165,9.7141695022583,3.8104164600372314,-6.072235107421875,-17.923402786254883,-9.366214752197266,0.8073254823684692,4.9115190505981445,0.5340067744255066,1.0161396265029907,9.85408878326416,-1.4451525211334229,-3.275454521179199,-1.091314435005188,-3.345468759536743,-5.6514153480529785,0
a_open_(3).wav,0.37357866764068604,0.017066389322280884,1178.6913027037863,1522.6618065779319,2300.800323486328,0.0636138916015625,-534.3161010742188,101.64212799072266,12.269767761230469,11.262321472167969,12.15172290802002,16.717239379882812,3.362508773803711,-7.3965163230896,-16.85395050048828,-0.36258330941200256,7.831704616546631,4.143373012542725,-0.5458280444145203,3.5347023010253906,6.288829803466797,-0.8460607528686523,1.9670993089675903,-0.2701297700405121,1.0449784994125366,-2.63739275932312,0
a_open_(4).wav,0.4224168658256531,0.01161316316574812,1223.7808485212001,1484.713954008046,2360.113314924569,0.07152057516163793,-580.8739624023438,122.1170883178711,15.39171314239502,19.690872192382812,12.746838569641113,20.346664428710938,4.727234363555908,-1.6250107288360596,-16.55303192138672,-0.6229075789451599,3.568413257598877,2.0275325775146484,1.4906786680221558,6.03632926940918,8.372940063476562,-2.3747963905334473,2.119189500808716,-3.5626420974731445,-1.8472204208374023,-3.751944065093994,0
a_open_(5).wav,0.4478851854801178,0.015437612310051918,1306.24508704226,1721.943742450611,2670.258853310033,0.07081363075657894,-536.5363159179688,77.45304107666016,9.865511894226074,14.247537612915039,8.075650215148926,9.878381729125977,1.8386298418045044,-0.6858006119728088,-7.101223468780518,-1.789481520652771,3.5661332607269287,3.4759163856506348,2.8474109172821045,2.320697546005249,3.487839460372925,-2.308565378189087,-0.30932721495628357,-0.7272869944572449,-2.7888827323913574,-1.4871461391448975,0
close(1).wav,0.324540376663208,0.06077020242810249,1876.5610095992006,1665.2087899159962,3485.133092543658,0.10933909696691177,-383.2327575683594,74.11536407470703,3.5745928287506104,17.582944869995117,0.7848055362701416,5.936150074005127,-12.246709823608398,-11.293370246887207,0.9883456230163574,-3.316762685775757,-5.215037822723389,3.980928659439087,-4.898304462432861,3.8294668197631836,12.577367782592773,-2.6136531829833984,4.028709888458252,-0.1710924208164215,-3.0951507091522217,-5.611352443695068,0
e_open_(1).wav,0.39021050930023193,0.006870723329484463,1466.8975881580864,2044.996135671978,3314.107737821691,0.04477347579656863,-589.3037109375,107.39066314697266,7.029572010040283,34.11578369140625,5.54730749130249,7.845713138580322,13.02392578125,13.2598876953125,-12.27290153503418,11.26308822631836,-2.368936777114868,-1.7141244411468506,-1.3983759880065918,-4.754749774932861,3.162522077560425,-8.194205284118652,-7.695022106170654,-4.72698974609375,-2.3936924934387207,-5.435474872589111,0
e_open_(2).wav,0.39575761556625366,0.008120909333229065,1378.4644218630806,1818.3776644992656,2996.03759765625,0.05122767857142857,-570.3916625976562,128.5310821533203,8.969388961791992,26.16083335876465,-13.62514591217041,-6.081668376922607,28.565567016601562,11.231047630310059,-21.457597732543945,15.251407623291016,-1.6712661981582642,2.682936429977417,3.0617411136627197,-11.081686973571777,9.247604370117188,-3.925877094268799,-6.761237144470215,-2.7936360836029053,-5.176421165466309,-6.522069931030273,0
e_open_(3).wav,0.32089322805404663,0.0062338863499462605,1432.8288989605628,1896.3733347202456,2846.456661739865,0.05241105363175676,-585.2029418945312,108.92359924316406,12.032044410705566,34.2645149230957,2.31198787689209,0.9518429636955261,20.157743453979492,11.9091796875,-17.71359634399414,14.659582138061523,3.173628091812134,-2.4075095653533936,3.4980626106262207,-7.218681335449219,6.06595516204834,-3.453251361846924,-4.4453301429748535,0.6492735743522644,-8.035896301269531,-8.237771034240723,0
e_open_(4).wav,0.36766383051872253,0.008648880757391453,1315.675372131101,1665.909755070918,2639.35546875,0.05655536954365079,-546.56103515625,137.14022827148438,-4.718423843383789,28.931438446044922,-10.123824119567871,0.8201709985733032,26.258750915527344,9.022902488708496,-22.243005752563477,18.497888565063477,0.424871563911438,-1.0195854902267456,7.220440864562988,-10.587027549743652,7.666450500488281,-6.809538841247559,-5.053036212921143,-0.8073100447654724,-10.28038215637207,-5.644153118133545,0
e_open_(5).wav,0.44545039534568787,0.006799047812819481,1845.9855751797932,2048.5249448808427,3881.193369442655,0.0659985099871134,-578.3583984375,103.86346435546875,-9.7575044631958,29.751317977905273,6.255859851837158,-1.2678714990615845,5.1808061599731445,12.04201889038086,-9.681595802307129,16.5022029876709,-5.368538856506348,2.711132764816284,8.60863208770752,-5.254142761230469,7.999446868896484,-8.403456687927246,-7.307460308074951,0.7836195230484009,-2.0477278232574463,-1.8745383024215698,0
o_open_(1).wav,0.368570476770401,0.14240026473999023,1363.5839725811315,1468.4968639267117,2594.9541199882074,0.06203014445754717,-266.335693359375,131.17665100097656,-12.270692825317383,9.432199478149414,-13.875261306762695,5.716691493988037,1.4861137866973877,-18.186220169067383,-15.430636405944824,11.95598316192627,-1.9028083086013794,-0.7630532383918762,1.7649587392807007,8.127134323120117,-9.6259183883667,-6.9174275398254395,3.552689552307129,-9.339475631713867,0.49878308176994324,-0.3763039708137512,0
o_open_(2).wav,0.32629406452178955,0.15616875886917114,1264.2826913767951,1505.6252234762273,2497.096011513158,0.0527172423245614,-292.3081970214844,127.08270263671875,-7.920934677124023,16.533384323120117,-8.06798267364502,4.785155296325684,-9.792970657348633,-19.425939559936523,-15.121306419372559,11.820576667785645,-1.2935751676559448,4.591157913208008,-5.312840461730957,10.591053009033203,-5.439788341522217,-11.215010643005371,8.457119941711426,-6.402205944061279,0.5767816305160522,0.2899168133735657,0
o_open_(3).wav,0.398870587348938,0.119410440325737,1369.4720785123825,1546.8248827081627,2697.7611644847975,0.054746885557432436,-341.5069274902344,91.92793273925781,-4.0639495849609375,4.152436256408691,-4.564197063446045,6.214741230010986,1.8647700548171997,-18.081533432006836,-12.12261962890625,8.284350395202637,3.0447397232055664,-0.908599853515625,2.0075483322143555,8.03360366821289,2.9273505210876465,7.327671527862549,15.502378463745117,6.274181842803955,-0.4090898036956787,-2.874819040298462,0
o_open_(4).wav,0.2697456181049347,0.18408462405204773,1093.9754024103415,1292.254281377984,1842.7777458639705,0.05317478553921569,-254.93345642089844,142.49111938476562,-2.2256345748901367,10.766663551330566,-8.932673454284668,2.563556671142578,-16.298952102661133,-20.508394241333008,-10.606523513793945,11.46710205078125,1.3659247159957886,11.175212860107422,-10.231708526611328,10.345396995544434,-3.5012848377227783,-17.702041625976562,9.916522026062012,-7.468723297119141,-6.422457218170166,-8.131388664245605,0
o_open_(5).wav,0.40202298760414124,0.10931609570980072,1389.2583916701137,1685.573234083868,2839.6043346774195,0.04582755796370968,-326.8449401855469,90.93855285644531,-8.578906059265137,18.39813804626465,-8.311586380004883,8.525282859802246,-7.307606220245361,-12.389411926269531,-9.5608549118042,14.357670783996582,2.494987726211548,2.5462119579315186,-1.4907082319259644,8.297131538391113,-6.377682685852051,-3.9528307914733887,12.742692947387695,1.3880759477615356,5.636108875274658,-1.3722420930862427,0
r_open_(1).wav,0.34979748725891113,0.04222455248236656,2472.9790822037394,2507.5149170886752,4915.499745244565,0.13910354393115942,-412.11871337890625,71.10244750976562,21.28229331970215,18.596717834472656,-6.191495895385742,-14.25546932220459,-33.99494552612305,-12.7443208694458,-8.811114311218262,-18.52201271057129,-13.461648941040039,2.6797611713409424,-12.570446014404297,-6.962131500244141,5.846575736999512,-6.372048854827881,-11.444099426269531,-0.8867658972740173,-12.909839630126953,-6.041199684143066,0
r_open_(2).wav,0.3472311496734619,0.020386910066008568,2534.8674765670376,2631.6507147688826,5261.468184621711,0.12398488898026316,-482.0427551269531,80.96662139892578,38.02409744262695,18.51604652404785,-17.2833251953125,-5.652822971343994,-15.290789604187012,-11.036849975585938,-14.579195976257324,-13.282037734985352,-3.400913953781128,-5.929137229919434,-7.508713722229004,-1.318392038345337,0.004736183676868677,-1.917941689491272,-8.878096580505371,-7.6139912605285645,-6.922486782073975,1.0564355850219727,0
r_open_(3).wav,0.4409654140472412,0.01007802039384842,3103.0540216617346,2844.4055953479165,6223.972981770833,0.1773003472222222,-519.8762817382812,60.45098876953125,27.850688934326172,24.308744430541992,-1.1874139308929443,1.2238863706588745,-15.08483600616455,-1.2109804153442383,-8.170391082763672,-5.774558067321777,-10.255727767944336,3.0410044193267822,-7.4075469970703125,-4.484675884246826,0.8607854843139648,-5.115653991699219,-7.18219518661499,-1.2596168518066406,-9.588759422302246,-0.37266701459884644,0
r_open_(4).wav,0.405335009098053,0.022124286741018295,2657.937463537701,2739.6380927709592,5644.315402307243,0.12465318341121495,-480.7599182128906,69.67424011230469,31.623886108398438,23.721281051635742,-2.4333536624908447,1.9863108396530151,-13.096969604492188,-13.873974800109863,-8.970050811767578,-8.967509269714355,-6.263604164123535,-2.224416494369507,-10.203085899353027,-3.728890895843506,-2.673266887664795,-3.72337007522583,-8.140091896057129,-1.8225287199020386,-5.814208984375,-2.8079938888549805,0
r_open_(5).wav,0.35859382152557373,0.06881070137023926,2351.4032711146187,2491.5435866029707,5017.101745605469,0.098675537109375,-389.793701171875,77.0431900024414,25.24209213256836,6.348584175109863,-23.26759910583496,-6.160708427429199,-14.531168937683105,-3.5497970581054688,-6.316605567932129,-7.644061088562012,-11.047717094421387,2.5118484497070312,-7.1537275314331055,4.1469621658325195,5.127568244934082,-8.63265609741211,0.6326969861984253,-5.172149658203125,-2.9917232990264893,-8.86424446105957,0
